"units1","units2","units3","num_layers","dropout1","activation","final_activation","optimizer","lr","batch_size","mae","rmse","mse"
64,32,16,1,0.2,"relu","relu","adam",0.001,128,22274.1637272293,36269.5134141123,1315477603.29647
128,32,16,1,0.2,"relu","relu","adam",0.001,128,22271.6476146488,36267.9546564758,1315364534.96418
256,32,16,1,0.2,"relu","relu","adam",0.001,128,22267.2490443678,36265.1854995813,1315163679.31904
64,64,16,1,0.2,"relu","relu","adam",0.001,128,22281.600824814,36274.0132061041,1315804034.07662
128,64,16,1,0.2,"relu","relu","adam",0.001,128,22274.8932181055,36269.8885508439,1315504815.49064
256,64,16,1,0.2,"relu","relu","adam",0.001,128,22267.7488902193,36265.516530727,1315187689.24043
64,128,16,1,0.2,"relu","relu","adam",0.001,128,22278.3208357927,36272.0147251013,1315659052.21797
128,128,16,1,0.2,"relu","relu","adam",0.001,128,22277.9731492798,36271.7741016755,1315641596.48297
256,128,16,1,0.2,"relu","relu","adam",0.001,128,22260.8124756235,36261.2325267548,1314876984.35938
64,32,32,1,0.2,"relu","relu","adam",0.001,128,22266.4122539795,36264.6090339622,1315121868.38613
128,32,32,1,0.2,"relu","relu","adam",0.001,128,22276.1538511876,36270.6025910369,1315556612.31693
256,32,32,1,0.2,"relu","relu","adam",0.001,128,22272.2509734703,36268.2591719042,1315386623.36042
64,64,32,1,0.2,"relu","relu","adam",0.001,128,22280.8596034556,36273.5798071702,1315772592.02714
128,64,32,1,0.2,"relu","relu","adam",0.001,128,22269.1145823435,36266.3054965636,1315244914.37008
256,64,32,1,0.2,"relu","relu","adam",0.001,128,22267.4938410701,36265.3357866954,1315174579.72177
64,128,32,1,0.2,"relu","relu","adam",0.001,128,22278.0411669323,36271.785616291,1315642431.79417
128,128,32,1,0.2,"relu","relu","adam",0.001,128,22271.899155866,36268.0707163383,1315372953.48532
256,128,32,1,0.2,"relu","relu","adam",0.001,128,22270.717860211,36267.3655963482,1315321807.29918
64,32,64,1,0.2,"relu","relu","adam",0.001,128,22280.4144824626,36273.2817846516,1315750971.42874
128,32,64,1,0.2,"relu","relu","adam",0.001,128,22275.770198244,36270.3962634235,1315541645.10577
256,32,64,1,0.2,"relu","relu","adam",0.001,128,22264.3620233391,36263.4462323942,1315037532.64975
64,64,64,1,0.2,"relu","relu","adam",0.001,128,22282.0961418439,36274.297087879,1315824629.21971
128,64,64,1,0.2,"relu","relu","adam",0.001,128,22276.67487078,36271.002740075,1315585639.77053
256,64,64,1,0.2,"relu","relu","adam",0.001,128,22268.2479286266,36265.7530974138,1315204847.72258
64,128,64,1,0.2,"relu","relu","adam",0.001,128,22278.8128559282,36272.2288922399,1315674588.81104
128,128,64,1,0.2,"relu","relu","adam",0.001,128,22274.3063159892,36269.4779462343,1315475030.49238
256,128,64,1,0.2,"relu","relu","adam",0.001,128,22264.7985820626,36263.5987250862,1315048592.49408
64,32,16,1,0.3,"relu","relu","adam",0.001,128,22274.9261117885,36269.9263633834,1315507558.40525
128,32,16,1,0.3,"relu","relu","adam",0.001,128,22261.1690920844,36261.4209439531,1314890648.87456
256,32,16,1,0.3,"relu","relu","adam",0.001,128,22267.0286589175,36265.0601524373,1315154587.8599
64,64,16,1,0.3,"relu","relu","adam",0.001,128,22282.1780800404,36274.3752705169,1315830301.26629
128,64,16,1,0.3,"relu","relu","adam",0.001,128,22268.1804921772,36265.7421591195,1315204054.35174
256,64,16,1,0.3,"relu","relu","adam",0.001,128,22265.6912443927,36264.2331028286,1315094602.53629
64,128,16,1,0.3,"relu","relu","adam",0.001,128,22280.4434575962,36273.3202769166,1315753763.91177
128,128,16,1,0.3,"relu","relu","adam",0.001,128,22271.4969109441,36267.8292551367,1315355438.87975
256,128,16,1,0.3,"relu","relu","adam",0.001,128,22270.1720658071,36267.0013590011,1315295387.57379
64,32,32,1,0.3,"relu","relu","adam",0.001,128,22281.917126097,36274.1983478615,1315817465.78
128,32,32,1,0.3,"relu","relu","adam",0.001,128,22268.2576042089,36265.8653443727,1315212989.17618
256,32,32,1,0.3,"relu","relu","adam",0.001,128,22266.240724578,36264.6055554652,1315121616.09348
64,64,32,1,0.3,"relu","relu","adam",0.001,128,22282.0029109204,36274.2502626971,1315821232.12078
128,64,32,1,0.3,"relu","relu","adam",0.001,128,22273.5338329871,36269.0949300798,1315447247.04714
256,64,32,1,0.3,"relu","relu","adam",0.001,128,22269.2749873002,36266.4418314888,1315254803.11676
64,128,32,1,0.3,"relu","relu","adam",0.001,128,22277.8526700049,36271.7062295898,1315636672.80566
128,128,32,1,0.3,"relu","relu","adam",0.001,128,22269.6910608104,36266.7098008965,1315274239.78244
256,128,32,1,0.3,"relu","relu","adam",0.001,128,22271.2719272447,36267.669210787,1315343829.98306
64,32,64,1,0.3,"relu","relu","adam",0.001,128,22275.7681544062,36270.3906905998,1315541240.84875
128,32,64,1,0.3,"relu","relu","adam",0.001,128,22268.4678374059,36265.9782804662,1315221180.63925
256,32,64,1,0.3,"relu","relu","adam",0.001,128,22268.5802235676,36266.0215218676,1315224317.02456
64,64,64,1,0.3,"relu","relu","adam",0.001,128,22281.6532859567,36274.0227017967,1315804722.97046
128,64,64,1,0.3,"relu","relu","adam",0.001,128,22265.0217331684,36263.801997911,1315063335.3437
256,64,64,1,0.3,"relu","relu","adam",0.001,128,22266.7146314563,36264.8706276612,1315140841.641
64,128,64,1,0.3,"relu","relu","adam",0.001,128,22280.677668371,36273.4079787883,1315760126.39562
128,128,64,1,0.3,"relu","relu","adam",0.001,128,22269.7663956339,36266.783953436,1315279618.3252
256,128,64,1,0.3,"relu","relu","adam",0.001,128,22268.0470028646,36265.6282974083,1315195795.80578
64,32,16,1,0.2,"tanh","relu","adam",0.001,128,22281.7266746565,36274.054993901,1315807065.70055
128,32,16,1,0.2,"tanh","relu","adam",0.001,128,22281.9614656459,36274.2595579656,1315821906.47866
256,32,16,1,0.2,"tanh","relu","adam",0.001,128,22279.6844426484,36272.8329009547,1315718406.66058
64,64,16,1,0.2,"tanh","relu","adam",0.001,128,22281.9527533976,36274.2375896426,1315820312.70984
128,64,16,1,0.2,"tanh","relu","adam",0.001,128,22281.4325147971,36273.8828498173,1315794577.00227
256,64,16,1,0.2,"tanh","relu","adam",0.001,128,22281.019245313,36273.6505064404,1315777721.06339
64,128,16,1,0.2,"tanh","relu","adam",0.001,128,22272.9818779086,36268.6252686722,1315413178.87937
128,128,16,1,0.2,"tanh","relu","adam",0.001,128,22282.2797968322,36274.4257018188,1315833959.99677
256,128,16,1,0.2,"tanh","relu","adam",0.001,128,22281.2800397421,36273.8076166481,1315789119.0096
64,32,32,1,0.2,"tanh","relu","adam",0.001,128,22281.6009267496,36273.9982199363,1315802946.85994
128,32,32,1,0.2,"tanh","relu","adam",0.001,128,22271.6234868548,36267.7979669046,1315353169.36821
256,32,32,1,0.2,"tanh","relu","adam",0.001,128,22281.6726943968,36274.0605703818,1315807470.26373
64,64,32,1,0.2,"tanh","relu","adam",0.001,128,22281.2764638102,36273.8551737617,1315792569.16704
128,64,32,1,0.2,"tanh","relu","adam",0.001,128,22282.1464674351,36274.3281179297,1315826880.40723
256,64,32,1,0.2,"tanh","relu","adam",0.001,128,22280.1101948456,36273.0833048752,1315736572.44242
64,128,32,1,0.2,"tanh","relu","adam",0.001,128,22281.7073368602,36274.0816886205,1315809002.35272
128,128,32,1,0.2,"tanh","relu","adam",0.001,128,22281.9154984328,36274.2061544948,1315818032.13879
256,128,32,1,0.2,"tanh","relu","adam",0.001,128,22276.5999498692,36270.943676496,1315581355.18355
64,32,64,1,0.2,"tanh","relu","adam",0.001,128,22281.9416739218,36274.2396818747,1315820464.49809
128,32,64,1,0.2,"tanh","relu","adam",0.001,128,22281.3478588466,36273.8300203146,1315790744.34268
256,32,64,1,0.2,"tanh","relu","adam",0.001,128,22280.3253990818,36273.2121542223,1315745919.98522
64,64,64,1,0.2,"tanh","relu","adam",0.001,128,22281.6512715963,36274.0951212261,1315809976.86376
128,64,64,1,0.2,"tanh","relu","adam",0.001,128,22281.3406999238,36273.8642512539,1315793227.71839
256,64,64,1,0.2,"tanh","relu","adam",0.001,128,22279.2629786513,36272.5509899442,1315697955.3181
64,128,64,1,0.2,"tanh","relu","adam",0.001,128,22282.1406068477,36274.3353663452,1315827406.27008
128,128,64,1,0.2,"tanh","relu","adam",0.001,128,22281.5489164031,36273.9652300304,1315800553.50946
256,128,64,1,0.2,"tanh","relu","adam",0.001,128,22280.5369876858,36273.369660438,1315757346.52278
64,32,16,1,0.3,"tanh","relu","adam",0.001,128,22281.7864851265,36274.1242952787,1315812093.38933
128,32,16,1,0.3,"tanh","relu","adam",0.001,128,22276.6907629208,36270.9954911499,1315585113.91902
256,32,16,1,0.3,"tanh","relu","adam",0.001,128,22279.8600281098,36272.9286620665,1315725353.72337
64,64,16,1,0.3,"tanh","relu","adam",0.001,128,22280.9380543087,36273.5918457199,1315773465.38988
128,64,16,1,0.3,"tanh","relu","adam",0.001,128,22281.9074156239,36274.1741665835,1315815711.46763
256,64,16,1,0.3,"tanh","relu","adam",0.001,128,22280.4227804894,36273.2877761788,1315751406.09348
64,128,16,1,0.3,"tanh","relu","adam",0.001,128,22263.5046259273,36262.7647005569,1314988103.72796
128,128,16,1,0.3,"tanh","relu","adam",0.001,128,22265.9424393394,36264.4069945392,1315107214.66558
256,128,16,1,0.3,"tanh","relu","adam",0.001,128,22272.7476615942,36268.5699971331,1315409169.63694
64,32,32,1,0.3,"tanh","relu","adam",0.001,128,22280.662453301,36273.3978604449,1315759392.34213
128,32,32,1,0.3,"tanh","relu","adam",0.001,128,22277.0631143523,36271.2060763859,1315600390.23566
256,32,32,1,0.3,"tanh","relu","adam",0.001,128,22280.8925135316,36273.572515703,1315772063.05197
64,64,32,1,0.3,"tanh","relu","adam",0.001,128,22262.5380629337,36262.2839893994,1314953240.12785
128,64,32,1,0.3,"tanh","relu","adam",0.001,128,22281.1106484641,36273.6851365975,1315780233.38901
256,64,32,1,0.3,"tanh","relu","adam",0.001,128,22279.6295840415,36272.8092624083,1315716691.78705
64,128,32,1,0.3,"tanh","relu","adam",0.001,128,22281.3289674263,36273.8224060554,1315790191.94605
128,128,32,1,0.3,"tanh","relu","adam",0.001,128,22276.2807624629,36270.7815363662,1315569593.2588
256,128,32,1,0.3,"tanh","relu","adam",0.001,128,22277.3317356182,36271.4014411786,1315614562.50713
64,32,64,1,0.3,"tanh","relu","adam",0.001,128,22282.1342443738,36274.3401707242,1315827754.82141
128,32,64,1,0.3,"tanh","relu","adam",0.001,128,22277.6561526385,36271.5945449981,1315628570.83673
256,32,64,1,0.3,"tanh","relu","adam",0.001,128,22281.1142569744,36273.7101257472,1315782046.28673
64,64,64,1,0.3,"tanh","relu","adam",0.001,128,22281.7266506946,36274.0700057569,1315808154.78256
128,64,64,1,0.3,"tanh","relu","adam",0.001,128,22279.988382195,36273.0272407865,1315732505.21084
256,64,64,1,0.3,"tanh","relu","adam",0.001,128,22280.6763366759,36273.4618275905,1315764032.95766
64,128,64,1,0.3,"tanh","relu","adam",0.001,128,22282.10162363,36274.3099321913,1315825561.05667
128,128,64,1,0.3,"tanh","relu","adam",0.001,128,22277.2017395081,36271.2747575277,1315605372.53607
256,128,64,1,0.3,"tanh","relu","adam",0.001,128,22281.52384291,36273.9632078522,1315800406.80461
64,32,16,1,0.2,"elu","relu","adam",0.001,128,22258.6318554445,36259.8663046878,1314777904.43384
128,32,16,1,0.2,"elu","relu","adam",0.001,128,22277.5335387064,36271.5973222741,1315628772.3092
256,32,16,1,0.2,"elu","relu","adam",0.001,128,22277.0154719335,36271.1604454791,1315597080.06169
64,64,16,1,0.2,"elu","relu","adam",0.001,128,22282.0875066139,36274.2862802646,1315823845.14259
128,64,16,1,0.2,"elu","relu","adam",0.001,128,22281.679610526,36274.0628064569,1315807632.48678
256,64,16,1,0.2,"elu","relu","adam",0.001,128,22280.4130804268,36273.2940211506,1315751859.14484
64,128,16,1,0.2,"elu","relu","adam",0.001,128,22281.8088824803,36274.1400482909,1315813236.24303
128,128,16,1,0.2,"elu","relu","adam",0.001,128,22281.7330433794,36274.0850029552,1315809242.80162
256,128,16,1,0.2,"elu","relu","adam",0.001,128,22280.5479109721,36273.3704406138,1315757403.12199
64,32,32,1,0.2,"elu","relu","adam",0.001,128,22281.8125612736,36274.1111867955,1315811142.392
128,32,32,1,0.2,"elu","relu","adam",0.001,128,22281.2171776268,36273.7714212829,1315786493.12348
256,32,32,1,0.2,"elu","relu","adam",0.001,128,22280.9646415376,36273.6163710567,1315775244.63459
64,64,32,1,0.2,"elu","relu","adam",0.001,128,22263.0947615161,36262.5874017058,1314975245.06635
128,64,32,1,0.2,"elu","relu","adam",0.001,128,22281.6535995232,36274.0310472324,1315805328.41558
256,64,32,1,0.2,"elu","relu","adam",0.001,128,22256.8426191157,36258.7426910425,1314696421.53523
64,128,32,1,0.2,"elu","relu","adam",0.001,128,22282.0329670391,36274.3219454414,1315826432.60153
128,128,32,1,0.2,"elu","relu","adam",0.001,128,22278.9164404147,36272.3912980233,1315686370.47691
256,128,32,1,0.2,"elu","relu","adam",0.001,128,22281.630020958,36274.0268617812,1315805024.76922
64,32,64,1,0.2,"elu","relu","adam",0.001,128,22281.9050546343,36274.1955845421,1315817265.30561
128,32,64,1,0.2,"elu","relu","adam",0.001,128,22274.510282856,36269.6429926304,1315487002.81286
256,32,64,1,0.2,"elu","relu","adam",0.001,128,22278.7900453824,36272.2759320503,1315678001.29079
64,64,64,1,0.2,"elu","relu","adam",0.001,128,22281.9856691379,36274.232163602,1315819919.05889
128,64,64,1,0.2,"elu","relu","adam",0.001,128,22268.3286779866,36265.8645881294,1315212934.32453
256,64,64,1,0.2,"elu","relu","adam",0.001,128,22280.9558629972,36273.6103040092,1315774804.48712
64,128,64,1,0.2,"elu","relu","adam",0.001,128,22281.7411450204,36274.0876383789,1315809433.9968
128,128,64,1,0.2,"elu","relu","adam",0.001,128,22282.1035035697,36274.3086089891,1315825465.06018
256,128,64,1,0.2,"elu","relu","adam",0.001,128,22281.0669283415,36273.7002725728,1315781331.46445
64,32,16,1,0.3,"elu","relu","adam",0.001,128,22281.4177858098,36273.9484803986,1315799338.35861
128,32,16,1,0.3,"elu","relu","adam",0.001,128,22281.1364266611,36273.7106576658,1315782084.87606
256,32,16,1,0.3,"elu","relu","adam",0.001,128,22281.4484182542,36273.9120396756,1315796694.66212
64,64,16,1,0.3,"elu","relu","adam",0.001,128,22281.8699852106,36274.1805101387,1315816171.68212
128,64,16,1,0.3,"elu","relu","adam",0.001,128,22280.6090935342,36273.3891790429,1315758762.5343
256,64,16,1,0.3,"elu","relu","adam",0.001,128,22281.3564451418,36273.8657629128,1315793337.38582
64,128,16,1,0.3,"elu","relu","adam",0.001,128,22280.5728103004,36273.3977199871,1315759382.15237
128,128,16,1,0.3,"elu","relu","adam",0.001,128,22281.6756650878,36274.0632744674,1315807666.44007
256,128,16,1,0.3,"elu","relu","adam",0.001,128,22279.9340714036,36272.970090153,1315728359.16113
64,32,32,1,0.3,"elu","relu","adam",0.001,128,22280.2232199447,36273.0970086231,1315737566.59698
128,32,32,1,0.3,"elu","relu","adam",0.001,128,22281.9917187264,36274.2639293206,1315822223.61401
256,32,32,1,0.3,"elu","relu","adam",0.001,128,22264.740302252,36263.638237656,1315051458.23158
64,64,32,1,0.3,"elu","relu","adam",0.001,128,22279.4576450839,36272.6713491559,1315706686.80387
128,64,32,1,0.3,"elu","relu","adam",0.001,128,22282.0404683496,36274.2780491326,1315823247.98578
256,64,32,1,0.3,"elu","relu","adam",0.001,128,22281.1405197933,36273.7379623149,1315784065.75869
64,128,32,1,0.3,"elu","relu","adam",0.001,128,22281.6083844146,36273.993630917,1315802613.93581
128,128,32,1,0.3,"elu","relu","adam",0.001,128,22273.1688743866,36268.8040789137,1315426149.31463
256,128,32,1,0.3,"elu","relu","adam",0.001,128,22280.8862923438,36273.5943155343,1315773644.56796
64,32,64,1,0.3,"elu","relu","adam",0.001,128,22281.5843314826,36274.0132071511,1315804034.15257
128,32,64,1,0.3,"elu","relu","adam",0.001,128,22276.173425241,36270.638672363,1315559229.70111
256,32,64,1,0.3,"elu","relu","adam",0.001,128,22260.6782256618,36260.9315069807,1314855153.75395
64,64,64,1,0.3,"elu","relu","adam",0.001,128,22282.077671107,36274.3008627224,1315824903.0793
128,64,64,1,0.3,"elu","relu","adam",0.001,128,22281.2332308283,36273.7547608402,1315785284.44958
256,64,64,1,0.3,"elu","relu","adam",0.001,128,22279.7520977638,36272.8409563509,1315718991.04472
64,128,64,1,0.3,"elu","relu","adam",0.001,128,22282.0604434582,36274.2908580361,1315824177.2534
128,128,64,1,0.3,"elu","relu","adam",0.001,128,22280.9211317906,36273.5954119483,1315773724.10971
256,128,64,1,0.3,"elu","relu","adam",0.001,128,22274.4362050259,36269.6655166753,1315488636.69151
64,32,16,1,0.2,"relu","relu","rmsprop",0.001,128,22028.6557744344,36116.8573814897,1304427387.11486
128,32,16,1,0.2,"relu","relu","rmsprop",0.001,128,21562.5805747292,35792.9793120297,1281137368.03139
256,32,16,1,0.2,"relu","relu","rmsprop",0.001,128,21340.7480376273,35619.7240377579,1268764740.52603
64,64,16,1,0.2,"relu","relu","rmsprop",0.001,128,22041.2919979673,36124.5931537192,1304986230.52173
128,64,16,1,0.2,"relu","relu","rmsprop",0.001,128,21735.5453112053,35920.1822503435,1290259492.89789
256,64,16,1,0.2,"relu","relu","rmsprop",0.001,128,21149.0163111831,35454.5972653625,1257028467.24905
64,128,16,1,0.2,"relu","relu","rmsprop",0.001,128,22020.1024811485,36111.284687403,1304024881.77466
128,128,16,1,0.2,"relu","relu","rmsprop",0.001,128,21606.7464985703,35826.6013079659,1283545361.27994
256,128,16,1,0.2,"relu","relu","rmsprop",0.001,128,21320.6954840458,35602.4818337786,1267536712.72453
64,32,32,1,0.2,"relu","relu","rmsprop",0.001,128,22011.8799348311,36106.1637451744,1303655060.39335
128,32,32,1,0.2,"relu","relu","rmsprop",0.001,128,21790.2831339981,35958.7245358497,1293029870.24512
256,32,32,1,0.2,"relu","relu","rmsprop",0.001,128,21299.2552148068,35583.9741826422,1266219218.63095
64,64,32,1,0.2,"relu","relu","rmsprop",0.001,128,21929.4817890976,36052.9373545333,1299814291.8899
128,64,32,1,0.2,"relu","relu","rmsprop",0.001,128,21686.5792677908,35884.9801801101,1287731802.5269
256,64,32,1,0.2,"relu","relu","rmsprop",0.001,128,21337.3954805316,35616.3410594479,1268523750.46292
64,128,32,1,0.2,"relu","relu","rmsprop",0.001,128,22042.599892703,36125.5208287952,1305053255.15172
128,128,32,1,0.2,"relu","relu","rmsprop",0.001,128,21645.9355202877,35855.9430697282,1285648653.41959
256,128,32,1,0.2,"relu","relu","rmsprop",0.001,128,21242.6988812071,35535.5269304087,1262773674.2218
64,32,64,1,0.2,"relu","relu","rmsprop",0.001,128,22013.062865633,36106.8300290236,1303703174.7448
128,32,64,1,0.2,"relu","relu","rmsprop",0.001,128,21731.6335497769,35917.1756328881,1290043505.44373
256,32,64,1,0.2,"relu","relu","rmsprop",0.001,128,21389.8760870731,35659.8840583,1271627331.0514
64,64,64,1,0.2,"relu","relu","rmsprop",0.001,128,21972.3494492733,36080.6590805728,1301813959.68852
128,64,64,1,0.2,"relu","relu","rmsprop",0.001,128,21697.9602242672,35893.3111312363,1288329783.96373
256,64,64,1,0.2,"relu","relu","rmsprop",0.001,128,21305.9650828044,35589.8804476036,1266639590.27472
64,128,64,1,0.2,"relu","relu","rmsprop",0.001,128,21998.7080364805,36097.8833813903,1303057184.61646
128,128,64,1,0.2,"relu","relu","rmsprop",0.001,128,21784.6003258445,35954.8882702489,1292753990.52608
256,128,64,1,0.2,"relu","relu","rmsprop",0.001,128,21265.2169642593,35554.9600732837,1264155185.8128
64,32,16,1,0.3,"relu","relu","rmsprop",0.001,128,22056.3796286149,36134.1740030834,1305678530.88511
128,32,16,1,0.3,"relu","relu","rmsprop",0.001,128,21883.4225378326,36022.6368176085,1297630363.29332
256,32,16,1,0.3,"relu","relu","rmsprop",0.001,128,21426.6820424398,35688.5993727106,1273676125.18584
64,64,16,1,0.3,"relu","relu","rmsprop",0.001,128,22040.9251126376,36124.3026015588,1304965238.44899
128,64,16,1,0.3,"relu","relu","rmsprop",0.001,128,21774.9916929765,35948.0308537938,1292260922.26531
256,64,16,1,0.3,"relu","relu","rmsprop",0.001,128,21420.7995554606,35683.8770641491,1273339082.32931
64,128,16,1,0.3,"relu","relu","rmsprop",0.001,128,21959.4299265544,36072.6139401655,1301233476.47622
128,128,16,1,0.3,"relu","relu","rmsprop",0.001,128,21741.2715361624,35924.2871999836,1290554410.82691
256,128,16,1,0.3,"relu","relu","rmsprop",0.001,128,21244.0699412028,35536.0280779319,1262809291.55557
64,32,32,1,0.3,"relu","relu","rmsprop",0.001,128,22021.3220302697,36112.1881520599,1304090133.12977
128,32,32,1,0.3,"relu","relu","rmsprop",0.001,128,21745.9480778087,35927.3362806689,1290773492.22427
256,32,32,1,0.3,"relu","relu","rmsprop",0.001,128,21281.0422095096,35567.8350115349,1265070887.40777
64,64,32,1,0.3,"relu","relu","rmsprop",0.001,128,21912.5983930646,36042.2606719526,1299044554.34498
128,64,32,1,0.3,"relu","relu","rmsprop",0.001,128,21767.9755133427,35943.1288881319,1291908514.26886
256,64,32,1,0.3,"relu","relu","rmsprop",0.001,128,21316.7292841131,35598.7598653718,1267271703.95241
64,128,32,1,0.3,"relu","relu","rmsprop",0.001,128,22027.7407127149,36116.3576320489,1304391288.60606
128,128,32,1,0.3,"relu","relu","rmsprop",0.001,128,21687.9663832693,35885.7729217571,1287788698.19192
256,128,32,1,0.3,"relu","relu","rmsprop",0.001,128,21261.474967263,35551.3037363908,1263895197.35712
64,32,64,1,0.3,"relu","relu","rmsprop",0.001,128,22007.4207977526,36103.3225786689,1303449901.21943
128,32,64,1,0.3,"relu","relu","rmsprop",0.001,128,21687.8908370047,35885.9413976465,1287800789.99532
256,32,64,1,0.3,"relu","relu","rmsprop",0.001,128,21230.4069930568,35524.9846816364,1262024536.6305
64,64,64,1,0.3,"relu","relu","rmsprop",0.001,128,22031.6142574657,36118.4736775876,1304544140.79859
128,64,64,1,0.3,"relu","relu","rmsprop",0.001,128,21837.0926707875,35991.2507097014,1295370127.64858
256,64,64,1,0.3,"relu","relu","rmsprop",0.001,128,21292.4393407648,35577.9353574458,1265789484.29859
64,128,64,1,0.3,"relu","relu","rmsprop",0.001,128,21959.6386262142,36072.7489004723,1301243213.23653
128,128,64,1,0.3,"relu","relu","rmsprop",0.001,128,21766.4026299679,35942.1072695889,1291835074.97864
256,128,64,1,0.3,"relu","relu","rmsprop",0.001,128,21236.1291263465,35529.2486175778,1262327507.32965
64,32,16,1,0.2,"tanh","relu","rmsprop",0.001,128,22193.2043548353,36219.0732471291,1311821266.8809
128,32,16,1,0.2,"tanh","relu","rmsprop",0.001,128,22109.4248347427,36166.746616686,1308033560.83557
256,32,16,1,0.2,"tanh","relu","rmsprop",0.001,128,21952.6661476366,36067.5323096135,1300866886.90501
64,64,16,1,0.2,"tanh","relu","rmsprop",0.001,128,22194.3575181672,36219.7912788656,1311873280.28459
128,64,16,1,0.2,"tanh","relu","rmsprop",0.001,128,22123.5760652947,36175.6714440743,1308679204.42961
256,64,16,1,0.2,"tanh","relu","rmsprop",0.001,128,21947.00010265,36063.862514125,1300602179.43771
64,128,16,1,0.2,"tanh","relu","rmsprop",0.001,128,22201.403948177,36224.1767825326,1312190983.57217
128,128,16,1,0.2,"tanh","relu","rmsprop",0.001,128,22102.2905839862,36162.2490853796,1307708258.91304
256,128,16,1,0.2,"tanh","relu","rmsprop",0.001,128,21940.4383105654,36059.6127295209,1300295670.20303
64,32,32,1,0.2,"tanh","relu","rmsprop",0.001,128,22194.2765095451,36219.7417910872,1311869695.41303
128,32,32,1,0.2,"tanh","relu","rmsprop",0.001,128,22120.2401255983,36173.5667886504,1308526934.21295
256,32,32,1,0.2,"tanh","relu","rmsprop",0.001,128,21944.082379659,36061.9698800967,1300465671.633
64,64,32,1,0.2,"tanh","relu","rmsprop",0.001,128,22199.8442007123,36223.2065531682,1312120692.99349
128,64,32,1,0.2,"tanh","relu","rmsprop",0.001,128,22112.0180417841,36168.3825144937,1308151893.71474
256,64,32,1,0.2,"tanh","relu","rmsprop",0.001,128,21945.1465951168,36062.661231656,1300515535.10919
64,128,32,1,0.2,"tanh","relu","rmsprop",0.001,128,22196.375639482,36221.0472883176,1311964266.66254
128,128,32,1,0.2,"tanh","relu","rmsprop",0.001,128,22115.3726170858,36170.4956533521,1308304755.80917
256,128,32,1,0.2,"tanh","relu","rmsprop",0.001,128,21957.48600954,36070.6539279035,1301092074.78658
64,32,64,1,0.2,"tanh","relu","rmsprop",0.001,128,22196.4178392237,36221.0738855464,1311966193.42221
128,32,64,1,0.2,"tanh","relu","rmsprop",0.001,128,22114.0953377232,36169.6915028396,1308246583.41059
256,32,64,1,0.2,"tanh","relu","rmsprop",0.001,128,21945.2159208818,36062.7056789262,1300518740.88485
64,64,64,1,0.2,"tanh","relu","rmsprop",0.001,128,22193.8813923344,36219.4952141352,1311851833.56676
128,64,64,1,0.2,"tanh","relu","rmsprop",0.001,128,22100.2843929638,36160.9847996134,1307616821.67787
256,64,64,1,0.2,"tanh","relu","rmsprop",0.001,128,21962.1397550178,36073.6676683402,1301309499.04585
64,128,64,1,0.2,"tanh","relu","rmsprop",0.001,128,22193.5668682908,36219.299638968,1311837666.33734
128,128,64,1,0.2,"tanh","relu","rmsprop",0.001,128,22119.6585628625,36173.2016013622,1308500514.09279
256,128,64,1,0.2,"tanh","relu","rmsprop",0.001,128,21939.6671889334,36059.1137934259,1300259687.56724
64,32,16,1,0.3,"tanh","relu","rmsprop",0.001,128,22193.1004428864,36219.0088163574,1311816599.63937
128,32,16,1,0.3,"tanh","relu","rmsprop",0.001,128,22112.3279874397,36168.5769232746,1308165956.65483
256,32,16,1,0.3,"tanh","relu","rmsprop",0.001,128,21939.9526822639,36059.2982285365,1300272988.73454
64,64,16,1,0.3,"tanh","relu","rmsprop",0.001,128,22189.0529830239,36216.4907305542,1311634200.83632
128,64,16,1,0.3,"tanh","relu","rmsprop",0.001,128,22116.96774003,36171.5010751849,1308377490.03211
256,64,16,1,0.3,"tanh","relu","rmsprop",0.001,128,21941.1888853131,36060.0993130486,1300330762.46693
64,128,16,1,0.3,"tanh","relu","rmsprop",0.001,128,22194.072667093,36219.614471692,1311860472.478
128,128,16,1,0.3,"tanh","relu","rmsprop",0.001,128,22122.2891123223,36174.8549227723,1308620128.68362
256,128,16,1,0.3,"tanh","relu","rmsprop",0.001,128,21941.0586244988,36060.014927372,1300324676.56229
64,32,32,1,0.3,"tanh","relu","rmsprop",0.001,128,22198.6052296956,36222.4348379425,1312064785.58899
128,32,32,1,0.3,"tanh","relu","rmsprop",0.001,128,22115.2689358104,36170.4316259707,1308300124.00902
256,32,32,1,0.3,"tanh","relu","rmsprop",0.001,128,21960.134586681,36072.3694784455,1301215839.78949
64,64,32,1,0.3,"tanh","relu","rmsprop",0.001,128,22195.0841771328,36220.2433408798,1311906027.67255
128,64,32,1,0.3,"tanh","relu","rmsprop",0.001,128,22110.1811894504,36167.2238563406,1308068081.47465
256,64,32,1,0.3,"tanh","relu","rmsprop",0.001,128,21956.6361904722,36070.1036218692,1301052375.29238
64,128,32,1,0.3,"tanh","relu","rmsprop",0.001,128,22198.4432812315,36222.33389223,1312057472.6002
128,128,32,1,0.3,"tanh","relu","rmsprop",0.001,128,22119.5327209704,36173.1204567788,1308494643.58063
256,128,32,1,0.3,"tanh","relu","rmsprop",0.001,128,21947.2283045451,36064.0094095602,1300612774.69284
64,32,64,1,0.3,"tanh","relu","rmsprop",0.001,128,22198.7519023202,36222.5242040241,1312071259.71111
128,32,64,1,0.3,"tanh","relu","rmsprop",0.001,128,22112.944435004,36168.9650040985,1308194029.4677
256,32,64,1,0.3,"tanh","relu","rmsprop",0.001,128,21951.2156090014,36066.5912737309,1300799006.10637
64,64,64,1,0.3,"tanh","relu","rmsprop",0.001,128,22200.3427433245,36223.5161156864,1312143119.78339
128,64,64,1,0.3,"tanh","relu","rmsprop",0.001,128,22111.1239500335,36167.8179114105,1308111052.47295
256,64,64,1,0.3,"tanh","relu","rmsprop",0.001,128,21945.6573021629,36062.9922423824,1300539409.47414
64,128,64,1,0.3,"tanh","relu","rmsprop",0.001,128,22195.2798990192,36220.3659026755,1311914906.1237
128,128,64,1,0.3,"tanh","relu","rmsprop",0.001,128,22121.7674518932,36174.529455866,1308596581.35332
256,128,64,1,0.3,"tanh","relu","rmsprop",0.001,128,21944.191405094,36062.0432692635,1300470964.75423
64,32,16,1,0.2,"elu","relu","rmsprop",0.001,128,21948.0187675014,36065.2215693729,1300700206.84796
128,32,16,1,0.2,"elu","relu","rmsprop",0.001,128,21787.3805007935,35957.33644219,1292930044.01685
256,32,16,1,0.2,"elu","relu","rmsprop",0.001,128,21309.7075107459,35593.5334559226,1266899623.87788
64,64,16,1,0.2,"elu","relu","rmsprop",0.001,128,21989.0051137751,36091.4186058145,1302590496.98014
128,64,16,1,0.2,"elu","relu","rmsprop",0.001,128,21700.9972474069,35896.0566585861,1288526883.63642
256,64,16,1,0.2,"elu","relu","rmsprop",0.001,128,21275.9948735093,35564.965035424,1264866737.97093
64,128,16,1,0.2,"elu","relu","rmsprop",0.001,128,21958.914315426,36072.072963145,1301194447.85845
128,128,16,1,0.2,"elu","relu","rmsprop",0.001,128,21714.1923266324,35905.6301306863,1289214275.08165
256,128,16,1,0.2,"elu","relu","rmsprop",0.001,128,21245.2356673732,35538.6588566306,1262996273.32797
64,32,32,1,0.2,"elu","relu","rmsprop",0.001,128,22028.6860370058,36116.4761665082,1304399850.68595
128,32,32,1,0.2,"elu","relu","rmsprop",0.001,128,21744.2412497781,35926.6307276536,1290722795.44118
256,32,32,1,0.2,"elu","relu","rmsprop",0.001,128,21284.9191788182,35572.5090657119,1265403401.23015
64,64,32,1,0.2,"elu","relu","rmsprop",0.001,128,21966.0432339293,36076.6705397333,1301526157.23246
128,64,32,1,0.2,"elu","relu","rmsprop",0.001,128,21715.5016696814,35906.4569915421,1289273653.68546
256,64,32,1,0.2,"elu","relu","rmsprop",0.001,128,21249.9214828954,35542.8213603452,1263292150.25341
64,128,32,1,0.2,"elu","relu","rmsprop",0.001,128,22009.6930158211,36104.7128179666,1303550287.66784
128,128,32,1,0.2,"elu","relu","rmsprop",0.001,128,21735.5636885672,35920.6791640075,1290295191.60356
256,128,32,1,0.2,"elu","relu","rmsprop",0.001,128,21373.2514773282,35647.2015981516,1270722981.77926
64,32,64,1,0.2,"elu","relu","rmsprop",0.001,128,22060.5320634553,36136.6667520827,1305858683.95108
128,32,64,1,0.2,"elu","relu","rmsprop",0.001,128,21745.3616883249,35926.8687449049,1290739897.81362
256,32,64,1,0.2,"elu","relu","rmsprop",0.001,128,21298.7645480994,35584.7161686888,1266272024.80614
64,64,64,1,0.2,"elu","relu","rmsprop",0.001,128,22047.8298719002,36128.5890553034,1305274947.12699
128,64,64,1,0.2,"elu","relu","rmsprop",0.001,128,21706.4905039469,35899.8011851412,1288795725.13266
256,64,64,1,0.2,"elu","relu","rmsprop",0.001,128,21277.6989177357,35566.2991732299,1264961636.87969
64,128,64,1,0.2,"elu","relu","rmsprop",0.001,128,22012.4135247433,36106.5080945923,1303679926.78486
128,128,64,1,0.2,"elu","relu","rmsprop",0.001,128,21769.8796456077,35945.1933522861,1292056925.13323
256,128,64,1,0.2,"elu","relu","rmsprop",0.001,128,21302.7517353405,35587.7313292112,1266486621.16012
64,32,16,1,0.3,"elu","relu","rmsprop",0.001,128,22037.5093165311,36122.2003066472,1304813354.99355
128,32,16,1,0.3,"elu","relu","rmsprop",0.001,128,21817.7398357969,35977.5691544692,1294385482.26461
256,32,16,1,0.3,"elu","relu","rmsprop",0.001,128,21288.5018324418,35575.796799104,1265637317.89114
64,64,16,1,0.3,"elu","relu","rmsprop",0.001,128,22028.5540008545,36116.9077689927,1304431026.79393
128,64,16,1,0.3,"elu","relu","rmsprop",0.001,128,21720.7947341457,35910.0165387989,1289529287.81681
256,64,16,1,0.3,"elu","relu","rmsprop",0.001,128,21270.3962467078,35559.9607125811,1264510805.88031
64,128,16,1,0.3,"elu","relu","rmsprop",0.001,128,21958.5977942727,36071.8330108977,1301177136.76609
128,128,16,1,0.3,"elu","relu","rmsprop",0.001,128,21741.4897005486,35924.8054305314,1290591645.22154
256,128,16,1,0.3,"elu","relu","rmsprop",0.001,128,21324.4627838135,35606.2830179288,1267807390.35284
64,32,32,1,0.3,"elu","relu","rmsprop",0.001,128,21973.1830122977,36081.3847021588,1301866322.02518
128,32,32,1,0.3,"elu","relu","rmsprop",0.001,128,21844.4028905233,35996.6139054486,1295756212.65794
256,32,32,1,0.3,"elu","relu","rmsprop",0.001,128,21287.964377201,35575.114701548,1265588786.0283
64,64,32,1,0.3,"elu","relu","rmsprop",0.001,128,21994.2942358075,36094.8169120887,1302835807.9172
128,64,32,1,0.3,"elu","relu","rmsprop",0.001,128,21755.9880028927,35935.0372021997,1291326898.72348
256,64,32,1,0.3,"elu","relu","rmsprop",0.001,128,21369.9447095466,35644.8968475567,1270558671.27295
64,128,32,1,0.3,"elu","relu","rmsprop",0.001,128,21975.2676784631,36082.7088509855,1301961878.02499
128,128,32,1,0.3,"elu","relu","rmsprop",0.001,128,21740.5419133504,35924.4923448786,1290569150.23724
256,128,32,1,0.3,"elu","relu","rmsprop",0.001,128,21339.2852228338,35618.6678632873,1268689500.35518
64,32,64,1,0.3,"elu","relu","rmsprop",0.001,128,21965.4056250832,36076.352017994,1301503174.92622
128,32,64,1,0.3,"elu","relu","rmsprop",0.001,128,21749.8205067028,35930.3743190939,1290991798.7102
256,32,64,1,0.3,"elu","relu","rmsprop",0.001,128,21271.4475504557,35560.2326993092,1264530149.62902
64,64,64,1,0.3,"elu","relu","rmsprop",0.001,128,21976.1322591377,36083.3092819078,1302005208.73382
128,64,64,1,0.3,"elu","relu","rmsprop",0.001,128,21746.3626907811,35928.3862371747,1290848937.60761
256,64,64,1,0.3,"elu","relu","rmsprop",0.001,128,21365.1332573168,35640.6515361556,1270256041.92167
64,128,64,1,0.3,"elu","relu","rmsprop",0.001,128,21995.7356791641,36095.8857799298,1302912970.23774
128,128,64,1,0.3,"elu","relu","rmsprop",0.001,128,21825.0765207464,35983.1272535862,1294785446.94778
256,128,64,1,0.3,"elu","relu","rmsprop",0.001,128,21313.6098323013,35597.3999963068,1267174886.49707
64,32,16,1,0.2,"relu","relu","sgd",0.001,128,17560891869.75,17685168184.6938,3.12765173720907e+20
128,32,16,1,0.2,"relu","relu","sgd",0.001,128,80148493960.4167,81000499986.9082,6.56108099812912e+21
256,32,16,1,0.2,"relu","relu","sgd",0.001,128,1968431652.53788,1985805348.32673,3943422881443036160
64,64,16,1,0.2,"relu","relu","sgd",0.001,128,453462.728456439,457923.260925722,209693712896.847
128,64,16,1,0.2,"relu","relu","sgd",0.001,128,573353030063.205,582272802380.073,3.39041616391544e+23
256,64,16,1,0.2,"relu","relu","sgd",0.001,128,21214.7283972538,35493.6551350264,1259799554.84418
64,128,16,1,0.2,"relu","relu","sgd",0.001,128,17295674585.8712,17520921613.0971,3.06982694172295e+20
128,128,16,1,0.2,"relu","relu","sgd",0.001,128,2266223059.08333,2285167988.34846,5221992734972559360
256,128,16,1,0.2,"relu","relu","sgd",0.001,128,155672453923.568,157647903358.079,2.48528614331983e+22
64,32,32,1,0.2,"relu","relu","sgd",0.001,128,4977354314.35606,5046749281.95193,25469678314882297856
128,32,32,1,0.2,"relu","relu","sgd",0.001,128,19911234789.5076,20088933460.1315,4.03565247565591e+20
256,32,32,1,0.2,"relu","relu","sgd",0.001,128,8657886243.56818,8726023707.53741,76143489744504864768
64,64,32,1,0.2,"relu","relu","sgd",0.001,128,1729991.11079545,1750905.24878385,3065669190218.82
128,64,32,1,0.2,"relu","relu","sgd",0.001,128,9105257916164.54,9242885006089.4,8.54309232357923e+25
256,64,32,1,0.2,"relu","relu","sgd",0.001,128,28170021.0227273,28421386.8303226,807775229358833
64,128,32,1,0.2,"relu","relu","sgd",0.001,128,4000928886.96212,4048607770.47658,16391224879163381760
128,128,32,1,0.2,"relu","relu","sgd",0.001,128,9110748450750.72,9353623577449.52,8.74902740286196e+25
256,128,32,1,0.2,"relu","relu","sgd",0.001,128,428537993833.386,434215345386.212,1.88542966168867e+23
64,32,64,1,0.2,"relu","relu","sgd",0.001,128,134082312.325758,135282202.217167,18301274236726548
128,32,64,1,0.2,"relu","relu","sgd",0.001,128,143507505.689394,144504539.323161,20881561884998904
256,32,64,1,0.2,"relu","relu","sgd",0.001,128,25536066.3484848,26076216.0054212,679969041161386
64,64,64,1,0.2,"relu","relu","sgd",0.001,128,114792160501.023,115459567459.15,1.33309117178539e+22
128,64,64,1,0.2,"relu","relu","sgd",0.001,128,11916122.219697,12041046.4485143,144986799575280
256,64,64,1,0.2,"relu","relu","sgd",0.001,128,57372089371.8106,57726802612.9368,3.33238373991296e+21
64,128,64,1,0.2,"relu","relu","sgd",0.001,128,256915384.174242,260449764.954187,67834080064691224
128,128,64,1,0.2,"relu","relu","sgd",0.001,128,3819802.82575758,3866293.91556971,14948228641571.3
256,128,64,1,0.2,"relu","relu","sgd",0.001,128,520435913.386364,524077081.842338,274656787712381120
64,32,16,1,0.3,"relu","relu","sgd",0.001,128,1895730394.84091,1914876649.1843,3666752581591309824
128,32,16,1,0.3,"relu","relu","sgd",0.001,128,11131398.030303,11253539.7708828,126642157374841
256,32,16,1,0.3,"relu","relu","sgd",0.001,128,9531565161.38636,9587496020.53359,91920079943747354624
64,64,16,1,0.3,"relu","relu","sgd",0.001,128,17417784789.9924,17565932774.0852,3.08561994223681e+20
128,64,16,1,0.3,"relu","relu","sgd",0.001,128,32080444117.9924,32225771408.4584,1.03850034287022e+21
256,64,16,1,0.3,"relu","relu","sgd",0.001,128,10415130508.2955,10514046058.0026,1.105451645098e+20
64,128,16,1,0.3,"relu","relu","sgd",0.001,128,81888435.4469697,82552332.1651995,6814887545913429
128,128,16,1,0.3,"relu","relu","sgd",0.001,128,24578038509.2652,24894434686.6643,6.19732878368593e+20
256,128,16,1,0.3,"relu","relu","sgd",0.001,128,211621754194.114,213290374233.357,4.54927837406056e+22
64,32,32,1,0.3,"relu","relu","sgd",0.001,128,360527922.113636,364545701.539633,132893568511023088
128,32,32,1,0.3,"relu","relu","sgd",0.001,128,27097902.1893939,27329694.5691366,746912205242297
256,32,32,1,0.3,"relu","relu","sgd",0.001,128,37865.5849461411,41672.5912106371,1736604858.20887
64,64,32,1,0.3,"relu","relu","sgd",0.001,128,2681645763.56818,2706652095.563,7325965566415566848
128,64,32,1,0.3,"relu","relu","sgd",0.001,128,979607434143.689,992825173431.319,9.85701824998929e+23
256,64,32,1,0.3,"relu","relu","sgd",0.001,128,1352555386.35606,1370820599.49229,1879149115992413440
64,128,32,1,0.3,"relu","relu","sgd",0.001,128,212355733.265152,214581525.424823,46045231053643776
128,128,32,1,0.3,"relu","relu","sgd",0.001,128,16091757653.9924,16242540626.3921,2.63820125999996e+20
256,128,32,1,0.3,"relu","relu","sgd",0.001,128,2416314.93655303,2435782.18329521,5933034844458.37
64,32,64,1,0.3,"relu","relu","sgd",0.001,128,268999.591619318,274278.645856004,75228775572.6034
128,32,64,1,0.3,"relu","relu","sgd",0.001,128,3577199842.59848,3603038883.35124,12981889194940932096
256,32,64,1,0.3,"relu","relu","sgd",0.001,128,83489771556415728,84648205669661952,7.16531872309339e+33
64,64,64,1,0.3,"relu","relu","sgd",0.001,128,26343985.6666667,26614495.7955224,708331386449879
128,64,64,1,0.3,"relu","relu","sgd",0.001,128,240593323808641,243309215423170,5.91993743098387e+28
256,64,64,1,0.3,"relu","relu","sgd",0.001,128,16809840710.4773,16934490865.2345,2.86776980864712e+20
64,128,64,1,0.3,"relu","relu","sgd",0.001,128,51301718.5075758,51731639.2005188,2676162494372652
128,128,64,1,0.3,"relu","relu","sgd",0.001,128,3133312954.84091,3163789815.71865,1.0009565998045e+19
256,128,64,1,0.3,"relu","relu","sgd",0.001,128,71892878425.8712,72542071999.5897,5.26235220999365e+21
64,32,16,1,0.2,"tanh","relu","sgd",0.001,128,250021.022727273,251654.217330577,63329845100.2652
128,32,16,1,0.2,"tanh","relu","sgd",0.001,128,18764.8097774621,30974.6653633644,959429894.372405
256,32,16,1,0.2,"tanh","relu","sgd",0.001,128,113419.129734848,116623.375451022,13601011701.5901
64,64,16,1,0.2,"tanh","relu","sgd",0.001,128,21541.5131392045,28624.0102150956,819333960.793898
128,64,16,1,0.2,"tanh","relu","sgd",0.001,128,20035.7156594016,34361.1533567595,1180688860.00674
256,64,16,1,0.2,"tanh","relu","sgd",0.001,128,19281.2978367661,33292.5195636716,1108391858.89746
64,128,16,1,0.2,"tanh","relu","sgd",0.001,128,24727.5983664773,29419.3020040557,865495330.405838
128,128,16,1,0.2,"tanh","relu","sgd",0.001,128,51148.3013731061,55299.015282785,3057981091.24569
256,128,16,1,0.2,"tanh","relu","sgd",0.001,128,223459.757102273,225285.588395886,50753596338.8805
64,32,32,1,0.2,"tanh","relu","sgd",0.001,128,21339.1789744984,35621.0139891083,1268856637.61225
128,32,32,1,0.2,"tanh","relu","sgd",0.001,128,702024.897727273,702608.205420106,493658290323.661
256,32,32,1,0.2,"tanh","relu","sgd",0.001,128,24493.9343039773,29314.9010541654,859363423.815506
64,64,32,1,0.2,"tanh","relu","sgd",0.001,128,20019.4232806581,34341.9230275469,1179367677.22996
128,64,32,1,0.2,"tanh","relu","sgd",0.001,128,18975.8715598366,30374.6353736039,922618474.079388
256,64,32,1,0.2,"tanh","relu","sgd",0.001,128,19194.6882620147,29955.1909616994,897313465.551878
64,128,32,1,0.2,"tanh","relu","sgd",0.001,128,21138.1728284431,35446.2397476266,1256435912.24623
128,128,32,1,0.2,"tanh","relu","sgd",0.001,128,27074.0282907197,30764.9616310584,946482864.160498
256,128,32,1,0.2,"tanh","relu","sgd",0.001,128,25353.2253639915,29729.3047698444,883831562.098296
64,32,64,1,0.2,"tanh","relu","sgd",0.001,128,23852.7565696023,29065.1181896468,844781095.378137
128,32,64,1,0.2,"tanh","relu","sgd",0.001,128,20483.8512221828,34842.8394831854,1214023463.25102
256,32,64,1,0.2,"tanh","relu","sgd",0.001,128,61537.6022727273,65842.2049722666,4335195955.60997
64,64,64,1,0.2,"tanh","relu","sgd",0.001,128,20474.6167676521,34833.6970198045,1213386448.06754
128,64,64,1,0.2,"tanh","relu","sgd",0.001,128,117589.439867424,120732.793171405,14576407346.9693
256,64,64,1,0.2,"tanh","relu","sgd",0.001,128,20773.2354301684,35115.4466082326,1233094590.49563
64,128,64,1,0.2,"tanh","relu","sgd",0.001,128,68806.0989583333,73026.6371810845,5332889737.97775
128,128,64,1,0.2,"tanh","relu","sgd",0.001,128,19418.9485751065,33518.5173700239,1123491006.68459
256,128,64,1,0.2,"tanh","relu","sgd",0.001,128,19559.8732022372,29477.4222074976,868918419.99907
64,32,16,1,0.3,"tanh","relu","sgd",0.001,128,18818.4780125473,32233.212467832,1038979985.9964
128,32,16,1,0.3,"tanh","relu","sgd",0.001,128,18941.3188661518,32594.5640574689,1062405606.09645
256,32,16,1,0.3,"tanh","relu","sgd",0.001,128,104289.03030303,107660.429232132,11590768022.447
64,64,16,1,0.3,"tanh","relu","sgd",0.001,128,42736.0079308712,46305.666571523,2144214756.63307
128,64,16,1,0.3,"tanh","relu","sgd",0.001,128,24641.9948508523,29380.2346893659,863198190.402218
256,64,16,1,0.3,"tanh","relu","sgd",0.001,128,20486.6751302083,34845.6365657844,1214218387.67473
64,128,16,1,0.3,"tanh","relu","sgd",0.001,128,22282.9772727273,36274.8448764513,1315864370.81061
128,128,16,1,0.3,"tanh","relu","sgd",0.001,128,20677.0239572236,35028.0793554812,1226966343.33389
256,128,16,1,0.3,"tanh","relu","sgd",0.001,128,86677.6742424242,90310.2257442392,8155936873.97545
64,32,32,1,0.3,"tanh","relu","sgd",0.001,128,363671.272727273,364796.008615429,133076127901.748
128,32,32,1,0.3,"tanh","relu","sgd",0.001,128,125586.56344697,128635.840784684,16547179534.3827
256,32,32,1,0.3,"tanh","relu","sgd",0.001,128,899428085.022727,899428085.478202,808970880946983552
64,64,32,1,0.3,"tanh","relu","sgd",0.001,128,21834.5036789865,35990.3982667013,1295308767.39577
128,64,32,1,0.3,"tanh","relu","sgd",0.001,128,20533.3274739583,28784.9503591726,828573367.180031
256,64,32,1,0.3,"tanh","relu","sgd",0.001,128,1288922.27272727,1289240.07012934,1662139958427.11
64,128,32,1,0.3,"tanh","relu","sgd",0.001,128,22040.9976744218,36123.5212120266,1304908784.75574
128,128,32,1,0.3,"tanh","relu","sgd",0.001,128,192296.991477273,194415.704679133,37797466225.884
256,128,32,1,0.3,"tanh","relu","sgd",0.001,128,1801125.77272727,1801353.20869537,3244873382477.09
64,32,64,1,0.3,"tanh","relu","sgd",0.001,128,20517.9818910541,34876.6915761158,1216383615.29551
128,32,64,1,0.3,"tanh","relu","sgd",0.001,128,20018.9779126716,34341.4040025926,1179332028.86928
256,32,64,1,0.3,"tanh","relu","sgd",0.001,128,83706.7727272727,87409.8392143326,7640479991.47548
64,64,64,1,0.3,"tanh","relu","sgd",0.001,128,19342.5339725379,29728.6794785676,883794383.539405
128,64,64,1,0.3,"tanh","relu","sgd",0.001,128,22282.9772727273,36274.8448764513,1315864370.81061
256,64,64,1,0.3,"tanh","relu","sgd",0.001,128,19263.6118644946,33261.223221029,1106308970.15912
64,128,64,1,0.3,"tanh","relu","sgd",0.001,128,23372.8428030303,28912.9292777469,835957479.419996
128,128,64,1,0.3,"tanh","relu","sgd",0.001,128,253105.053977273,254718.47526929,64881501643.5119
256,128,64,1,0.3,"tanh","relu","sgd",0.001,128,22282.9772727273,36274.8448764513,1315864370.81061
64,32,16,1,0.2,"elu","relu","sgd",0.001,128,464672859.204545,471270039.388081,222095450024843552
128,32,16,1,0.2,"elu","relu","sgd",0.001,128,22975940503.9318,23282853872.7917,5.42091284461774e+20
256,32,16,1,0.2,"elu","relu","sgd",0.001,128,423487461.143939,428264677.380455,183410633891785120
64,64,16,1,0.2,"elu","relu","sgd",0.001,128,17208528.3484848,17433206.1620834,303916677089704
128,64,16,1,0.2,"elu","relu","sgd",0.001,128,1521750996.53788,1535998262.61098,2359290662743962112
256,64,16,1,0.2,"elu","relu","sgd",0.001,128,23169635786066.1,23318100316776.7,5.43733802383262e+26
64,128,16,1,0.2,"elu","relu","sgd",0.001,128,6897552727.93182,6998445850.17155,48978244317783449600
128,128,16,1,0.2,"elu","relu","sgd",0.001,128,967054311.689394,978410054.243932,957286234245613312
256,128,16,1,0.2,"elu","relu","sgd",0.001,128,28262038749.75,28512022810.5216,8.12935444747702e+20
64,32,32,1,0.2,"elu","relu","sgd",0.001,128,1794779.00094697,1812362.8382839,3284659057592.47
128,32,32,1,0.2,"elu","relu","sgd",0.001,128,6828572.9469697,6863335.81802784,47105378551023.9
256,32,32,1,0.2,"elu","relu","sgd",0.001,128,267356397.810606,270796447.965317,73330716230632512
64,64,32,1,0.2,"elu","relu","sgd",0.001,128,22282.9772727273,36274.8448764513,1315864370.81061
128,64,32,1,0.2,"elu","relu","sgd",0.001,128,558787912.901515,563717612.39452,317777546523778432
256,64,32,1,0.2,"elu","relu","sgd",0.001,128,76355696109.2652,77416839096.1029,5.99336697563189e+21
64,128,32,1,0.2,"elu","relu","sgd",0.001,128,12575608828583.4,12805494385757.4,1.63980686463664e+26
128,128,32,1,0.2,"elu","relu","sgd",0.001,128,27084060.3560606,27244112.8051166,742241682537919
256,128,32,1,0.2,"elu","relu","sgd",0.001,128,25315590.219697,25612100.9463476,655979714885900
64,32,64,1,0.2,"elu","relu","sgd",0.001,128,673404244.780303,683382675.456627,467011881114257728
128,32,64,1,0.2,"elu","relu","sgd",0.001,128,22282.9772727273,36274.8448764513,1315864370.81061
256,32,64,1,0.2,"elu","relu","sgd",0.001,128,8527991.39393939,8596590.04390134,73901360382903.6
64,64,64,1,0.2,"elu","relu","sgd",0.001,128,169481894.840909,172042223.844184,29598526785252480
128,64,64,1,0.2,"elu","relu","sgd",0.001,128,24266.7713216146,29245.3176842609,855288606.453342
256,64,64,1,0.2,"elu","relu","sgd",0.001,128,122967318237615,124831584453922,1.55829244772766e+28
64,128,64,1,0.2,"elu","relu","sgd",0.001,128,13359215434.3561,13553394402.3631,1.83694499826008e+20
128,128,64,1,0.2,"elu","relu","sgd",0.001,128,624406206.962121,630834433.234428,397952082154201664
256,128,64,1,0.2,"elu","relu","sgd",0.001,128,20569559533.2652,20853488818.1183,4.34867995887386e+20
64,32,16,1,0.3,"elu","relu","sgd",0.001,128,352179640.416667,354784170.309831,125871807502435152
128,32,16,1,0.3,"elu","relu","sgd",0.001,128,50946644.8106061,51442137.0987019,2646293469281641
256,32,16,1,0.3,"elu","relu","sgd",0.001,128,23327493652.053,23542740250.775,5.54260618515464e+20
64,64,16,1,0.3,"elu","relu","sgd",0.001,128,43642155.3257576,44120916.0169709,1946655230176596
128,64,16,1,0.3,"elu","relu","sgd",0.001,128,202321795.083333,203959346.519806,41599415032786320
256,64,16,1,0.3,"elu","relu","sgd",0.001,128,394689406.840909,397051249.323195,157649694589109632
64,128,16,1,0.3,"elu","relu","sgd",0.001,128,372025.458925189,377147.900085824,142240538539.147
128,128,16,1,0.3,"elu","relu","sgd",0.001,128,2116493483.32576,2144907004.19323,4600626056637178880
256,128,16,1,0.3,"elu","relu","sgd",0.001,128,219655588829.75,222011483563.981,4.92890988342799e+22
64,32,32,1,0.3,"elu","relu","sgd",0.001,128,58421253.9621212,58860710.3748637,3464583225833588
128,32,32,1,0.3,"elu","relu","sgd",0.001,128,83142315.5378788,83687597.8988804,7003614042084686
256,32,32,1,0.3,"elu","relu","sgd",0.001,128,1468818589.75,1480938199.68484,2193177951285768448
64,64,32,1,0.3,"elu","relu","sgd",0.001,128,136130.139204545,140113.727276479,19631856571.3075
128,64,32,1,0.3,"elu","relu","sgd",0.001,128,12018437892.5379,12129100231.1961,1.47115072418401e+20
256,64,32,1,0.3,"elu","relu","sgd",0.001,128,7268561.68939394,7349277.86377295,54011885118943
64,128,32,1,0.3,"elu","relu","sgd",0.001,128,33194544.6136364,33570943.8656669,1127008272031755
128,128,32,1,0.3,"elu","relu","sgd",0.001,128,358969813.386364,362091580.518114,131110312682105648
256,128,32,1,0.3,"elu","relu","sgd",0.001,128,5667718297224.42,5713374451418.45,3.26426476221211e+25
64,32,64,1,0.3,"elu","relu","sgd",0.001,128,4476595396418.6,4598006101451.73,2.11416601089873e+25
128,32,64,1,0.3,"elu","relu","sgd",0.001,128,4618564.29545455,4667595.612595,21786448802716.1
256,32,64,1,0.3,"elu","relu","sgd",0.001,128,6706168.36174242,6761198.85263703,45713809924900.3
64,64,64,1,0.3,"elu","relu","sgd",0.001,128,495066861.992424,499944366.810841,249944369905892704
128,64,64,1,0.3,"elu","relu","sgd",0.001,128,18172736.3636364,18270757.5641307,333820581967240
256,64,64,1,0.3,"elu","relu","sgd",0.001,128,55253421.2045455,56374771.0724496,3178114813471104
64,128,64,1,0.3,"elu","relu","sgd",0.001,128,72480064.8712121,73438106.064059,5393155422275982
128,128,64,1,0.3,"elu","relu","sgd",0.001,128,1179068978.59848,1193927480.71025,1425462829195120384
256,128,64,1,0.3,"elu","relu","sgd",0.001,128,613766729.871212,621794696.665918,386628644801861440
64,32,16,2,0.2,"relu","relu","adam",0.001,128,22266.0308008122,36264.4741134623,1315112082.72598
128,32,16,2,0.2,"relu","relu","adam",0.001,128,22224.2044302622,36238.4403429987,1313224558.49307
256,32,16,2,0.2,"relu","relu","adam",0.001,128,22226.8395481399,36239.9356759789,1313332937.79909
64,64,16,2,0.2,"relu","relu","adam",0.001,128,22256.3053385995,36258.4192302438,1314672965.07611
128,64,16,2,0.2,"relu","relu","adam",0.001,128,22246.4591079914,36252.201324272,1314222100.85555
256,64,16,2,0.2,"relu","relu","adam",0.001,128,22110.5428198034,36167.4013885276,1308080923.19887
64,128,16,2,0.2,"relu","relu","adam",0.001,128,22193.7701578718,36219.3513338032,1311841411.04147
128,128,16,2,0.2,"relu","relu","adam",0.001,128,22198.5034569827,36222.1785135061,1312046216.2643
256,128,16,2,0.2,"relu","relu","adam",0.001,128,22020.9502051382,36110.7760908592,1303988149.88417
64,32,32,2,0.2,"relu","relu","adam",0.001,128,22271.9237471819,36268.0664749638,1315372645.83239
128,32,32,2,0.2,"relu","relu","adam",0.001,128,22259.0301702601,36259.9864877553,1314786620.0922
256,32,32,2,0.2,"relu","relu","adam",0.001,128,22151.023302136,36192.9530745223,1309929852.25457
64,64,32,2,0.2,"relu","relu","adam",0.001,128,22204.4893148596,36226.4742493025,1312357436.53538
128,64,32,2,0.2,"relu","relu","adam",0.001,128,22240.8634035371,36248.6911696841,1313967611.51513
256,64,32,2,0.2,"relu","relu","adam",0.001,128,22221.4466296109,36236.7755774856,1313103904.25306
64,128,32,2,0.2,"relu","relu","adam",0.001,128,22186.0603146698,36214.7546641616,1311508455.38541
128,128,32,2,0.2,"relu","relu","adam",0.001,128,22153.184047988,36194.5546558421,1310045786.73474
256,128,32,2,0.2,"relu","relu","adam",0.001,128,22131.8090084538,36181.0224716491,1309066387.09398
64,32,64,2,0.2,"relu","relu","adam",0.001,128,22231.4625526197,36243.0491252418,1313558609.89469
128,32,64,2,0.2,"relu","relu","adam",0.001,128,22164.9029821916,36201.5005257755,1310548640.31772
256,32,64,2,0.2,"relu","relu","adam",0.001,128,22160.734767278,36198.7682953193,1310350826.09821
64,64,64,2,0.2,"relu","relu","adam",0.001,128,22242.9743550185,36249.9131094841,1314056200.44515
128,64,64,2,0.2,"relu","relu","adam",0.001,128,22134.0542521621,36182.3619950877,1309163319.54356
256,64,64,2,0.2,"relu","relu","adam",0.001,128,22238.8928781423,36247.3424531267,1313869834.91424
64,128,64,2,0.2,"relu","relu","adam",0.001,128,22235.1306016806,36245.1357322309,1313709864.24784
128,128,64,2,0.2,"relu","relu","adam",0.001,128,22182.0092287931,36211.8028923768,1311294668.71635
256,128,64,2,0.2,"relu","relu","adam",0.001,128,22189.8060785351,36216.8929330653,1311663333.72512
64,32,16,2,0.3,"relu","relu","adam",0.001,128,22248.8988326246,36253.7327121581,1314333135.5646
128,32,16,2,0.3,"relu","relu","adam",0.001,128,22223.5308589935,36237.9272341453,1313187370.22721
256,32,16,2,0.3,"relu","relu","adam",0.001,128,22248.1616564086,36253.1753495485,1314292722.92511
64,64,16,2,0.3,"relu","relu","adam",0.001,128,22145.1995351965,36189.3281193877,1309667469.7327
128,64,16,2,0.3,"relu","relu","adam",0.001,128,22162.7014112184,36200.2391333613,1310457313.31254
256,64,16,2,0.3,"relu","relu","adam",0.001,128,22147.5009717074,36190.4023302023,1309745220.82192
64,128,16,2,0.3,"relu","relu","adam",0.001,128,22249.6062969728,36254.1268364126,1314361712.67069
128,128,16,2,0.3,"relu","relu","adam",0.001,128,22219.236037341,36235.0485945269,1312978746.64772
256,128,16,2,0.3,"relu","relu","adam",0.001,128,22138.4290719466,36185.128247851,1309363506.31343
64,32,32,2,0.3,"relu","relu","adam",0.001,128,22250.5942889994,36254.8948889407,1314417403.40814
128,32,32,2,0.3,"relu","relu","adam",0.001,128,22242.8848269925,36249.9915226477,1314061885.39203
256,32,32,2,0.3,"relu","relu","adam",0.001,128,22250.0975065665,36254.424163032,1314383271.39304
64,64,32,2,0.3,"relu","relu","adam",0.001,128,22111.5457303018,36168.5159874754,1308161548.73627
128,64,32,2,0.3,"relu","relu","adam",0.001,128,22229.6880811344,36241.6485727721,1313457091.27232
256,64,32,2,0.3,"relu","relu","adam",0.001,128,22224.8579973741,36238.9104988556,1313258634.14407
64,128,32,2,0.3,"relu","relu","adam",0.001,128,22256.2209999634,36258.4423204546,1314674639.50573
128,128,32,2,0.3,"relu","relu","adam",0.001,128,22108.2001620206,36166.2427939279,1307997117.82934
256,128,32,2,0.3,"relu","relu","adam",0.001,128,22178.1512426319,36209.9121153543,1311157735.40168
64,32,64,2,0.3,"relu","relu","adam",0.001,128,22274.500357021,36269.560107973,1315480990.42587
128,32,64,2,0.3,"relu","relu","adam",0.001,128,22244.9477789041,36251.3533446893,1314160619.32151
256,32,64,2,0.3,"relu","relu","adam",0.001,128,22220.1384517207,36235.7896031099,1313032448.16085
64,64,64,2,0.3,"relu","relu","adam",0.001,128,22231.5768916679,36243.1449140468,1313565553.2606
128,64,64,2,0.3,"relu","relu","adam",0.001,128,22175.0014643236,36207.7189184877,1310998909.28021
256,64,64,2,0.3,"relu","relu","adam",0.001,128,22223.3150468595,36237.7692411264,1313175919.57312
64,128,64,2,0.3,"relu","relu","adam",0.001,128,22255.5446675474,36258.1007235785,1314649868.08116
128,128,64,2,0.3,"relu","relu","adam",0.001,128,22211.6006470594,36230.8180596132,1312672177.2688
256,128,64,2,0.3,"relu","relu","adam",0.001,128,22198.5330488899,36222.3631741424,1312059593.91947
64,32,16,2,0.2,"tanh","relu","adam",0.001,128,22278.2031309334,36271.9124496113,1315651632.75227
128,32,16,2,0.2,"tanh","relu","adam",0.001,128,22276.7009967132,36271.0003366128,1315585465.41856
256,32,16,2,0.2,"tanh","relu","adam",0.001,128,22274.2603618376,36269.4763916398,1315474917.72372
64,64,16,2,0.2,"tanh","relu","adam",0.001,128,22278.0427648082,36271.8119492591,1315644342.08241
128,64,16,2,0.2,"tanh","relu","adam",0.001,128,22271.4384104591,36267.7092883737,1315346737.02599
256,64,16,2,0.2,"tanh","relu","adam",0.001,128,22280.2706090691,36273.2526989029,1315748861.35847
64,128,16,2,0.2,"tanh","relu","adam",0.001,128,22280.3489831496,36273.2663083803,1315749848.67868
128,128,16,2,0.2,"tanh","relu","adam",0.001,128,22277.6810285214,36271.6196883484,1315630394.81618
256,128,16,2,0.2,"tanh","relu","adam",0.001,128,22274.2133249261,36269.4709190149,1315474520.74527
64,32,32,2,0.2,"tanh","relu","adam",0.001,128,22276.1483917995,36270.6204826303,1315557910.195
128,32,32,2,0.2,"tanh","relu","adam",0.001,128,22280.6106663157,36273.4254253801,1315761392.09061
256,32,32,2,0.2,"tanh","relu","adam",0.001,128,22274.4610997511,36269.6208446887,1315485396.21748
64,64,32,2,0.2,"tanh","relu","adam",0.001,128,22278.9302122792,36272.3896172924,1315686248.54866
128,64,32,2,0.2,"tanh","relu","adam",0.001,128,22278.2793486028,36271.9745299673,1315656136.30259
256,64,32,2,0.2,"tanh","relu","adam",0.001,128,22273.6984382976,36269.1498365216,1315451229.86406
64,128,32,2,0.2,"tanh","relu","adam",0.001,128,22274.5303152186,36269.642590717,1315486973.65835
128,128,32,2,0.2,"tanh","relu","adam",0.001,128,22277.6298435348,36271.5090053837,1315622365.52763
256,128,32,2,0.2,"tanh","relu","adam",0.001,128,22274.8338311224,36269.8992922451,1315505594.6696
64,32,64,2,0.2,"tanh","relu","adam",0.001,128,22281.6081539704,36274.0349755755,1315805613.40927
128,32,64,2,0.2,"tanh","relu","adam",0.001,128,22279.0960146694,36272.4223032357,1315688619.74427
256,32,64,2,0.2,"tanh","relu","adam",0.001,128,22280.6255083355,36273.3930997673,1315759046.97025
64,64,64,2,0.2,"tanh","relu","adam",0.001,128,22280.844730836,36273.5247205135,1315768595.64971
128,64,64,2,0.2,"tanh","relu","adam",0.001,128,22273.3801962643,36268.9344096757,1315435603.21336
256,64,64,2,0.2,"tanh","relu","adam",0.001,128,22273.3686571338,36268.9278947857,1315435130.63716
64,128,64,2,0.2,"tanh","relu","adam",0.001,128,22280.0859866016,36273.0420719388,1315733581.15264
128,128,64,2,0.2,"tanh","relu","adam",0.001,128,22273.7989430139,36269.2860316349,1315461109.24455
256,128,64,2,0.2,"tanh","relu","adam",0.001,128,22274.8775447752,36269.8931378199,1315505148.22887
64,32,16,2,0.3,"tanh","relu","adam",0.001,128,22275.4566924355,36270.2043338627,1315527722.42016
128,32,16,2,0.3,"tanh","relu","adam",0.001,128,22278.9068365332,36272.3201193867,1315681206.84327
256,32,16,2,0.3,"tanh","relu","adam",0.001,128,22272.1982597655,36268.225674332,1315384193.56427
64,64,16,2,0.3,"tanh","relu","adam",0.001,128,22279.6061586864,36272.7826954079,1315714764.46829
128,64,16,2,0.3,"tanh","relu","adam",0.001,128,22277.4968151143,36271.4361745355,1315617082.1634
256,64,16,2,0.3,"tanh","relu","adam",0.001,128,22276.4003477602,36270.7907765615,1315570263.5571
64,128,16,2,0.3,"tanh","relu","adam",0.001,128,22281.0083598124,36273.6454638231,1315777355.23513
128,128,16,2,0.3,"tanh","relu","adam",0.001,128,22275.8900576396,36270.5132160774,1315550128.95764
256,128,16,2,0.3,"tanh","relu","adam",0.001,128,22272.525156209,36268.4302283994,1315399031.23227
64,32,32,2,0.3,"tanh","relu","adam",0.001,128,22281.5834902805,36273.9879249171,1315802199.97703
128,32,32,2,0.3,"tanh","relu","adam",0.001,128,22270.8606179483,36267.40227669,1315324467.89926
256,32,32,2,0.3,"tanh","relu","adam",0.001,128,22275.9146989656,36270.5118240913,1315550027.98155
64,64,32,2,0.3,"tanh","relu","adam",0.001,128,22276.6431488666,36270.9662476879,1315582992.54091
128,64,32,2,0.3,"tanh","relu","adam",0.001,128,22273.9897098722,36269.3301350808,1315464308.44748
256,64,32,2,0.3,"tanh","relu","adam",0.001,128,22273.1283746777,36268.7999275987,1315425848.18818
64,128,32,2,0.3,"tanh","relu","adam",0.001,128,22276.7569670966,36270.9932042734,1315584948.02445
128,128,32,2,0.3,"tanh","relu","adam",0.001,128,22268.5827428139,36265.9953708874,1315222420.24123
256,128,32,2,0.3,"tanh","relu","adam",0.001,128,22278.4942817525,36272.1163732973,1315666426.19802
64,32,64,2,0.3,"tanh","relu","adam",0.001,128,22278.6443586223,36272.1468789874,1315668639.21083
128,32,64,2,0.3,"tanh","relu","adam",0.001,128,22280.1967702544,36273.2039264609,1315745323.09062
256,32,64,2,0.3,"tanh","relu","adam",0.001,128,22277.8502158288,36271.6975252397,1315636041.36248
64,64,64,2,0.3,"tanh","relu","adam",0.001,128,22280.5197406303,36273.348677006,1315755824.24365
128,64,64,2,0.3,"tanh","relu","adam",0.001,128,22277.1428869457,36271.2977111806,1315607037.6531
256,64,64,2,0.3,"tanh","relu","adam",0.001,128,22267.2899335587,36265.2154696301,1315165853.0587
64,128,64,2,0.3,"tanh","relu","adam",0.001,128,22278.617210856,36272.1597290796,1315669571.41187
128,128,64,2,0.3,"tanh","relu","adam",0.001,128,22270.083785086,36266.8932061262,1315287542.82456
256,128,64,2,0.3,"tanh","relu","adam",0.001,128,22273.3859455658,36268.9383410266,1315435888.38519
64,32,16,2,0.2,"elu","relu","adam",0.001,128,22278.8751411041,36272.2807468265,1315678350.5766
128,32,16,2,0.2,"elu","relu","adam",0.001,128,22279.9334213987,36272.967920719,1315728201.77751
256,32,16,2,0.2,"elu","relu","adam",0.001,128,22276.6613596136,36271.0331324486,1315587844.49519
64,64,16,2,0.2,"elu","relu","adam",0.001,128,22267.2316974401,36265.0069596976,1315150729.78692
128,64,16,2,0.2,"elu","relu","adam",0.001,128,22280.7818946847,36273.5169608427,1315768032.70854
256,64,16,2,0.2,"elu","relu","adam",0.001,128,22279.4600286141,36272.6906073432,1315708083.89605
64,128,16,2,0.2,"elu","relu","adam",0.001,128,22279.8531979557,36272.9273678286,1315725259.83177
128,128,16,2,0.2,"elu","relu","adam",0.001,128,22280.3829945678,36273.2289390596,1315747137.66543
256,128,16,2,0.2,"elu","relu","adam",0.001,128,22270.5981624704,36267.2860319745,1315316036.12505
64,32,32,2,0.2,"elu","relu","adam",0.001,128,22271.131235502,36267.4952445814,1315331211.31573
128,32,32,2,0.2,"elu","relu","adam",0.001,128,22280.6907644299,36273.4239264348,1315761283.34686
256,32,32,2,0.2,"elu","relu","adam",0.001,128,22255.320539749,36257.6949188979,1314620440.83187
64,64,32,2,0.2,"elu","relu","adam",0.001,128,22277.5964063189,36271.4929596891,1315621201.52478
